name1,content1
name2,content2
name3,content3
name4,content4
name5,content5
name6,content6
name7,content7
name8,content8
name9,content9
name10,content10
name11,content11
name12,content12
name13,content13
name14,content14
name15,content15
name16,content16
name17,content17
name18,content18
name19,content19
name20,content20
name21,content21
name22,content22
name23,content23
name24,content24
name25,content25
name26,content26
name27,content27
name28,content28
name29,content29
name30,content30
name31,content31
name32,content32
name33,content33
name34,content34
name35,content35
name36,content36
name37,content37
name38,content38
name39,content39
name40,content40
name41,content41
name42,content42
name43,content43
name44,content44
name45,content45
name46,content46
name47,content47
name48,content48
name49,content49
name50,content50
name51,content51
name52,content52
name53,content53
name54,content54
name55,content55
name56,content56
name57,content57
name58,content58
name59,content59
name60,content60
name61,content61
name62,content62
name63,content63
name64,content64
name65,content65
name66,content66
name67,content67
name68,content68
name69,content69
name70,content70
name71,content71
name72,content72
name73,content73
name74,content74
name75,content75
name76,content76
name77,content77
name78,content78
name79,content79
name80,content80
name81,content81
name82,content82
name83,content83
name84,content84
name85,content85
name86,content86
name87,content87
name88,content88
name89,content89
name90,content90
name91,content91
name92,content92
name93,content93
name94,content94
name95,content95
name96,content96
name97,content97
name98,content98
name99,content99
name100,content100
name101,content101
name102,content102
name103,content103
name104,content104
name105,content105
name106,content106
name107,content107
name108,content108
name109,content109
name110,content110
name111,content111
name112,content112
name113,content113
name114,content114
name115,content115
name116,content116
name117,content117
name118,content118
name119,content119
name120,content120
name121,content121
name122,content122
name123,content123
name124,content124
name125,content125
name126,content126
name127,content127
name128,content128
name129,content129
name130,content130
name131,content131
name132,content132
name133,content133
name134,content134
name135,content135
name136,content136
name137,content137
name138,content138
name139,content139
name140,content140
name141,content141
name142,content142
name143,content143
name144,content144
name145,content145
name146,content146
name147,content147
name148,content148
name149,content149
name150,content150
name151,content151
name152,content152
name153,content153
name154,content154
name155,content155
name156,content156
name157,content157
name158,content158
name159,content159
name160,content160
name161,content161
name162,content162
name163,content163
name164,content164
name165,content165
name166,content166
name167,content167
name168,content168
name169,content169
name170,content170
name171,content171
name172,content172
name173,content173
name174,content174
name175,content175
name176,content176
name177,content177
name178,content178
name179,content179
name180,content180
name181,content181
name182,content182
name183,content183
name184,content184
name185,content185
name186,content186
name187,content187
name188,content188
name189,content189
name190,content190
name191,content191
name192,content192
name193,content193
name194,content194
name195,content195
name196,content196
name197,content197
name198,content198
name199,content199
name200,content200
name201,content201
name202,content202
name203,content203
name204,content204
name205,content205
name206,content206
name207,content207
name208,content208
name209,content209
name210,content210
name211,content211
name212,content212
name213,content213
name214,content214
name215,content215
name216,content216
name217,content217
name218,content218
name219,content219
name220,content220
name221,content221
name222,content222
name223,content223
name224,content224
name225,content225
name226,content226
name227,content227
name228,content228
name229,content229
name230,content230
name231,content231
name232,content232
name233,content233
name234,content234
name235,content235
name236,content236
name237,content237
name238,content238
name239,content239
name240,content240
name241,content241
name242,content242
name243,content243
name244,content244
name245,content245
name246,content246
name247,content247
name248,content248
name249,content249
name250,content250
name251,content251
name252,content252
name253,content253
name254,content254
name255,content255
name256,content256
name257,content257
name258,content258
name259,content259
name260,content260
name261,content261
name262,content262
name263,content263
name264,content264
name265,content265
name266,content266
name267,content267
name268,content268
name269,content269
name270,content270
name271,content271
name272,content272
name273,content273
name274,content274
name275,content275
name276,content276
name277,content277
name278,content278
name279,content279
name280,content280
name281,content281
name282,content282
name283,content283
name284,content284
name285,content285
name286,content286
name287,content287
name288,content288
name289,content289
name290,content290
name291,content291
name292,content292
name293,content293
name294,content294
name295,content295
name296,content296
name297,content297
name298,content298
name299,content299
name300,content300
name301,content301
name302,content302
name303,content303
name304,content304
name305,content305
name306,content306
name307,content307
name308,content308
name309,content309
name310,content310
name311,content311
name312,content312
name313,content313
name314,content314
name315,content315
name316,content316
name317,content317
name318,content318
name319,content319
name320,content320
name321,content321
name322,content322
name323,content323
name324,content324
name325,content325
name326,content326
name327,content327
name328,content328
name329,content329
name330,content330
name331,content331
name332,content332
name333,content333
name334,content334
name335,content335
name336,content336
name337,content337
name338,content338
name339,content339
name340,content340
name341,content341
name342,content342
name343,content343
name344,content344
name345,content345
name346,content346
name347,content347
name348,content348
name349,content349
name350,content350
name351,content351
name352,content352
name353,content353
name354,content354
name355,content355
name356,content356
name357,content357
name358,content358
name359,content359
name360,content360
name361,content361
name362,content362
name363,content363
name364,content364
name365,content365
name366,content366
name367,content367
name368,content368
name369,content369
name370,content370
name371,content371
name372,content372
name373,content373
name374,content374
name375,content375
name376,content376
name377,content377
name378,content378
name379,content379
name380,content380
name381,content381
name382,content382
name383,content383
name384,content384
name385,content385
name386,content386
name387,content387
name388,content388
name389,content389
name390,content390
name391,content391
name392,content392
name393,content393
name394,content394
name395,content395
name396,content396
name397,content397
name398,content398
name399,content399
name400,content400
name401,content401
name402,content402
name403,content403
name404,content404
name405,content405
name406,content406
name407,content407
name408,content408
name409,content409
name410,content410
name411,content411
name412,content412
name413,content413
name414,content414
name415,content415
name416,content416
name417,content417
name418,content418
name419,content419
name420,content420
name421,content421
name422,content422
name423,content423
name424,content424
name425,content425
name426,content426
name427,content427
name428,content428
name429,content429
name430,content430
name431,content431
name432,content432
name433,content433
name434,content434
name435,content435
name436,content436
name437,content437
name438,content438
name439,content439
name440,content440
name441,content441
name442,content442
name443,content443
name444,content444
name445,content445
name446,content446
name447,content447
name448,content448
name449,content449
name450,content450
name451,content451
name452,content452
name453,content453
name454,content454
name455,content455
name456,content456
name457,content457
name458,content458
name459,content459
name460,content460
name461,content461
name462,content462
name463,content463
name464,content464
name465,content465
name466,content466
name467,content467
name468,content468
name469,content469
name470,content470
name471,content471
name472,content472
name473,content473
name474,content474
name475,content475
name476,content476
name477,content477
name478,content478
name479,content479
name480,content480
name481,content481
name482,content482
name483,content483
name484,content484
name485,content485
name486,content486
name487,content487
name488,content488
name489,content489
name490,content490
name491,content491
name492,content492
name493,content493
name494,content494
name495,content495
name496,content496
name497,content497
name498,content498
name499,content499
name500,content500